<?xml version="1.0" encoding="UTF-8"?>
<GenRun Id="impl_1" LaunchPart="xc7z010clg400-1" LaunchTime="1722910137">
  <File Type="BITSTR-BMM" Name="d_bd.bmm"/>
  <File Type="OPT-METHODOLOGY-DRC" Name="d_methodology_drc_opted.rpt"/>
  <File Type="INIT-TIMING" Name="d_timing_summary_init.rpt"/>
  <File Type="ROUTE-PWR" Name="d_power_routed.rpt"/>
  <File Type="PA-TCL" Name="d.tcl"/>
  <File Type="OPT-TIMING" Name="d_timing_summary_opted.rpt"/>
  <File Type="OPT-DCP" Name="d_opt.dcp"/>
  <File Type="ROUTE-PWR-SUM" Name="d_power_summary_routed.pb"/>
  <File Type="REPORTS-TCL" Name="d_reports.tcl"/>
  <File Type="OPT-DRC" Name="d_drc_opted.rpt"/>
  <File Type="OPT-HWDEF" Name="d.hwdef"/>
  <File Type="PWROPT-DCP" Name="d_pwropt.dcp"/>
  <File Type="PWROPT-DRC" Name="d_drc_pwropted.rpt"/>
  <File Type="PWROPT-TIMING" Name="d_timing_summary_pwropted.rpt"/>
  <File Type="PLACE-DCP" Name="d_placed.dcp"/>
  <File Type="PLACE-IO" Name="d_io_placed.rpt"/>
  <File Type="PLACE-CLK" Name="d_clock_utilization_placed.rpt"/>
  <File Type="PLACE-UTIL" Name="d_utilization_placed.rpt"/>
  <File Type="PLACE-UTIL-PB" Name="d_utilization_placed.pb"/>
  <File Type="PLACE-CTRL" Name="d_control_sets_placed.rpt"/>
  <File Type="PLACE-SIMILARITY" Name="d_incremental_reuse_placed.rpt"/>
  <File Type="PLACE-PRE-SIMILARITY" Name="d_incremental_reuse_pre_placed.rpt"/>
  <File Type="PLACE-TIMING" Name="d_timing_summary_placed.rpt"/>
  <File Type="POSTPLACE-PWROPT-DCP" Name="d_postplace_pwropt.dcp"/>
  <File Type="BG-BIN" Name="d.bin"/>
  <File Type="POSTPLACE-PWROPT-TIMING" Name="d_timing_summary_postplace_pwropted.rpt"/>
  <File Type="PHYSOPT-DCP" Name="d_physopt.dcp"/>
  <File Type="PHYSOPT-DRC" Name="d_drc_physopted.rpt"/>
  <File Type="BITSTR-MSK" Name="d.msk"/>
  <File Type="PHYSOPT-TIMING" Name="d_timing_summary_physopted.rpt"/>
  <File Type="ROUTE-ERROR-DCP" Name="d_routed_error.dcp"/>
  <File Type="ROUTE-DCP" Name="d_routed.dcp"/>
  <File Type="ROUTE-BLACKBOX-DCP" Name="d_routed_bb.dcp"/>
  <File Type="ROUTE-DRC" Name="d_drc_routed.rpt"/>
  <File Type="ROUTE-DRC-PB" Name="d_drc_routed.pb"/>
  <File Type="ROUTE-DRC-RPX" Name="d_drc_routed.rpx"/>
  <File Type="BITSTR-MMI" Name="d.mmi"/>
  <File Type="ROUTE-METHODOLOGY-DRC" Name="d_methodology_drc_routed.rpt"/>
  <File Type="ROUTE-METHODOLOGY-DRC-RPX" Name="d_methodology_drc_routed.rpx"/>
  <File Type="ROUTE-METHODOLOGY-DRC-PB" Name="d_methodology_drc_routed.pb"/>
  <File Type="ROUTE-PWR-RPX" Name="d_power_routed.rpx"/>
  <File Type="ROUTE-STATUS" Name="d_route_status.rpt"/>
  <File Type="ROUTE-STATUS-PB" Name="d_route_status.pb"/>
  <File Type="ROUTE-TIMINGSUMMARY" Name="d_timing_summary_routed.rpt"/>
  <File Type="ROUTE-TIMING-PB" Name="d_timing_summary_routed.pb"/>
  <File Type="ROUTE-TIMING-RPX" Name="d_timing_summary_routed.rpx"/>
  <File Type="ROUTE-SIMILARITY" Name="d_incremental_reuse_routed.rpt"/>
  <File Type="ROUTE-CLK" Name="d_clock_utilization_routed.rpt"/>
  <File Type="ROUTE-BUS-SKEW" Name="d_bus_skew_routed.rpt"/>
  <File Type="ROUTE-BUS-SKEW-PB" Name="d_bus_skew_routed.pb"/>
  <File Type="ROUTE-BUS-SKEW-RPX" Name="d_bus_skew_routed.rpx"/>
  <File Type="POSTROUTE-PHYSOPT-DCP" Name="d_postroute_physopt.dcp"/>
  <File Type="POSTROUTE-PHYSOPT-BLACKBOX-DCP" Name="d_postroute_physopt_bb.dcp"/>
  <File Type="POSTROUTE-PHYSOPT-TIMING" Name="d_timing_summary_postroute_physopted.rpt"/>
  <File Type="POSTROUTE-PHYSOPT-TIMING-PB" Name="d_timing_summary_postroute_physopted.pb"/>
  <File Type="POSTROUTE-PHYSOPT-TIMING-RPX" Name="d_timing_summary_postroute_physopted.rpx"/>
  <File Type="POSTROUTE-PHYSOPT-BUS-SKEW" Name="d_bus_skew_postroute_physopted.rpt"/>
  <File Type="POSTROUTE-PHYSOPT-BUS-SKEW-PB" Name="d_bus_skew_postroute_physopted.pb"/>
  <File Type="BG-BIT" Name="d.bit"/>
  <File Type="POSTROUTE-PHYSOPT-BUS-SKEW-RPX" Name="d_bus_skew_postroute_physopted.rpx"/>
  <File Type="BITSTR-RBT" Name="d.rbt"/>
  <File Type="BITSTR-NKY" Name="d.nky"/>
  <File Type="PDI-FILE" Name="d.pdi"/>
  <File Type="RCFI_FILE" Name="d.rcfi"/>
  <File Type="CFI_FILE" Name="d.cfi"/>
  <File Type="RNPI_FILE" Name="d.rnpi"/>
  <File Type="NPI_FILE" Name="d.npi"/>
  <File Type="RBD_FILE" Name="d.rbd"/>
  <File Type="BITSTR-LTX" Name="debug_nets.ltx"/>
  <File Type="BITSTR-LTX" Name="d.ltx"/>
  <File Type="BITSTR-SYSDEF" Name="d.sysdef"/>
  <File Type="BG-BGN" Name="d.bgn"/>
  <File Type="BG-DRC" Name="d.drc"/>
  <File Type="RDI-RDI" Name="d.vdi"/>
  <File Type="WBT-USG" Name="usage_statistics_webtalk.html"/>
  <FileSet Name="sources" Type="DesignSrcs" RelSrcDir="$PSRCDIR/sources_1" RelGenDir="$PGENDIR/sources_1">
    <Filter Type="Srcs"/>
    <File Path="$PSRCDIR/sources_1/new/d.v">
      <FileInfo>
        <Attr Name="UsedIn" Val="synthesis"/>
        <Attr Name="UsedIn" Val="implementation"/>
        <Attr Name="UsedIn" Val="simulation"/>
      </FileInfo>
    </File>
    <Config>
      <Option Name="DesignMode" Val="RTL"/>
      <Option Name="TopModule" Val="d"/>
      <Option Name="TopAutoSet" Val="TRUE"/>
    </Config>
  </FileSet>
  <FileSet Name="constrs_in" Type="Constrs" RelSrcDir="$PSRCDIR/constrs_1">
    <Filter Type="Constrs"/>
    <File Path="$PSRCDIR/constrs_1/new/fenzhong.xdc">
      <FileInfo>
        <Attr Name="UsedIn" Val="synthesis"/>
        <Attr Name="UsedIn" Val="implementation"/>
      </FileInfo>
    </File>
    <Config>
      <Option Name="TargetConstrsFile" Val="$PSRCDIR/constrs_1/new/fenzhong.xdc"/>
      <Option Name="ConstrsType" Val="XDC"/>
    </Config>
  </FileSet>
  <FileSet Name="utils" Type="Utils" RelSrcDir="$PSRCDIR/utils_1">
    <Filter Type="Utils"/>
    <Config>
      <Option Name="TopAutoSet" Val="TRUE"/>
    </Config>
  </FileSet>
  <Strategy Version="1" Minor="2">
    <StratHandle Name="Vivado Implementation Defaults" Flow="Vivado Implementation 2020"/>
    <Step Id="init_design"/>
    <Step Id="opt_design"/>
    <Step Id="power_opt_design"/>
    <Step Id="place_design"/>
    <Step Id="post_place_power_opt_design"/>
    <Step Id="phys_opt_design"/>
    <Step Id="route_design"/>
    <Step Id="post_route_phys_opt_design"/>
    <Step Id="write_bitstream"/>
  </Strategy>
</GenRun>
